id,url,title,text,score,created_utc,subreddit,num_comments,upvote_ratio,over_18
1ho20tf,https://www.reddit.com/gallery/1ho20tf,"Quencher H2.0 FlowState Stainless Steel Vacuum Insulated Tumbler with Lid and Straw for Water, Iced Tea or Coffee","Quencher H2.0 FlowState Stainless Steel Vacuum Insulated Tumbler with Lid and Straw for Water, Iced Tea or Coffee

Product available [Amazon click here link](https://amzn.to/4gTDjZ7) check price 

About this item
YOUR DREAM TUMBLER: Whichever way your day flows, the H2.0 FlowState tumbler keeps you refreshed with fewer refills. 

Double wall vacuum insulation means drinks stay cold, iced or hot for hours. Choose between our 14oz, 20oz, 30oz,40oz and 64oz options depending on your hydration needs. 

The narrow base on all sizes (except 64oz) fits just about any car cup holder, keeping it right by your side.

ADVANCED LID CONSTRUCTION: Whether you prefer small sips or maximum thirst quenching, Stanley has developed an advanced FlowState lid, featuring a rotating cover with three positions: 

a straw opening designed to resist splashes with a seal that holds the reusable straw in place, a drink opening, and a full-cover top for added leak resistance. 

We‚Äôve also included an ergonomic, comfort-grip handle, so you can easily carry your ice-cold water to work, meetings, the gym or trips out of town.

EARTH-FRIENDLY DURABILITY: Constructed of 90% recycled BPA free stainless steel for sustainable sipping, the Stanley Quencher H2.0 has the durability to stand up to a lifetime of use. 

Eliminate the use of single-use plastic bottles and straws with a travel tumbler built with sustainability in mind.

DISHWASHER SAFE: Spend less time hunched over the sink and more time doing the things you love. 

Cleaning your tumbler and lid couldn't be easier, just pop them into the dishwasher. Unlike plastic bottles that retain stains & smells, this metallic beauty comes out pristine

Product review [Amazon Video link](https://amzn.to/4gTDjZ7) ",1,1735376970.0,1Amazon,0,1.0,False
1ho20rw,https://i.redd.it/7ajusuoo2k9e1.jpeg,"You never know until you take a step maybe a leap dive into emotion, no matter how deep ","this and In Pieces screams blue skies..

*one little moment could change a day, welcome to a new kind of show* 

to more musical and art and coffee to live with this 2025! :) ",2,1735376964.0,SoundTripPh,0,1.0,False
1ho20jl,https://www.reddit.com/r/FIREUK/comments/1ho20jl/what_learnings_would_you_share_for_fi/,What learnings would you share for FI,"My daughter‚Äôs boyfriend asked for my advice on how to become FI. I‚Äôve shared what worked for me. Other learnings?

Have a clear goal, mine was a ¬£2m portfolio by the time I‚Äôm 50, so I can then take ¬£6k out per month for life with no mortgage.

Recently I hit my goals a little late with just over ¬£2m in SIPP, VCT, ISA and offshore bonds. And my two houses are worth around ¬£900k. This is what i did, you have to find your own path but I would recommend listening to people who have achieved the goals you set for yourself. 

1.	‚Å†Have the london/SE six figure job and buy the forever home early, somewhere a lot cheaper than london and dont keep moving. I bought in the Midlands with a london salary paid off the mortgage in 16 years. 
2.	‚Å†Every year fill up your pension and isa, and then pay off more on the mortgage. So you maximise the pension assistance from the government and your employer.
3.	‚Å†Look at the mix of pension contributions and other accounts such as ISA when it gets to around ¬£700k (needs to be calculated based on your age and retirement aspirations), so you have a bridge to when your pension is available and consider any lifetime tax charges. 
4.	‚Å†Consolidate all your pensions, I had 3 smaller ones, all had minimum level fees and all were poorly invested, and if I had left them they would have made perhaps 30% return over 10 years with high fees.  I have a single SIPP now with total charges less than 1% and focus on a US weighted all world tracker, high risk as my belief is after disasters most funds fall back to a similar level and during the upside years you will get further ahead. 
5.	‚Å†Accept that this is a 20 year+ plan, as your money should double in size twice plus the extra contributions you make. 
6.	‚Å†Buy another house with a 100% mortgage, in an area that‚Äôs up and coming, something that‚Äôs a wreck and spend your weekends doing it up. So you can sell or rent this asset. I created my own 100% mortgage by finding the deposit from my main house equity (which has an offset mortgage). 
7.	‚Å†Don‚Äôt waste money, I have a cheap coffee machine at home with a choice of syrups and milks. I spend about 15p on a coffee that is Starbucks quality, and I would not dream of paying their prices. On the other hand I have paid ¬£600 to stay in a hotel that was one of the most memorable days of my life. I spend on things that I value and don‚Äôt waste money. I also took the spare toilet roll, pens, paper etc home from the amazing hotel and used it to save money. When I go to corporate conferences they often give away sweets, biscuits, pads etc, at the end of the conferences i hoover up anything not taken and give them to my kids for snacks and their school work. I joined a free online course to count as a student so I get free Amazon prime. This is a mindset, make saving money fun and a challenge. Not because you have to save but because you enjoy the challenge. My partner and I laugh about the things we do to save money and have a competitive spirit on who is the tightest!
8.	‚Å†Read something like investors chronicle (free in my local library) to learn about equites, tax efficient wrappers like vct and off shore bonds, and their reader questions/expert answers which give a lot of ideas. As once you start to max out your pension and isa, you need other options. And they showed me how to do it all on one platform.

I think with today‚Äôs circumstances I could do this again. The key question is can you do the ¬£100k+ job for 20 years, spend your weekends doing up a second house, keep your costs low, and will you invest your money smartly, or will you allow the system to give you poor returns, high costs and work till you drop in your late 60s?

I was motivated by seeing my dad work very hard all his life and die a month after retirement in his late 60s. He hadn‚Äôt done much for himself and was about to start living. So I also keep very fit and hope to live longer, semi retire in my 50s and pass on wealth to my kids. As I never left home with a penny from my parents, and I would like to help my children. I didn‚Äôt get a degree education so this has been hard.",8,1735376932.0,FIREUK,15,0.68,False
1ho1zxn,https://www.reddit.com/r/MuayThai/comments/1ho1zxn/muay_thai_and_preworkout/,Muay Thai and Preworkout,"Do any of you have any experience with Preworkout? I just don't feel like I can train to my full capacity after a long day and I'm hoping to get a little bit of a boost from it. I have been drinking black coffee but I don't like feeling like I'm about to shit my pants in Muay Thai.  
  
Any experiences or recommendations?",1,1735376856.0,MuayThai,9,1.0,False
1ho1zp9,https://www.reddit.com/r/raisedbynarcissists/comments/1ho1zp9/is_my_dad_abusive/,Is my dad abusive?,"My parents were a loving, happy couple until they divorced. They were high school sweethearts then broke up then married then divorced. I have an older brother. I had full custody with my mom/mum until I was 8. I had 50/50 custody with both parents until I was 12. Now I live with my dad full-time. He was a loving father but as soon as I was 11, he was over-protective. Now I think he's abusive. 

He wouldn't let my brother hit or fight me. But now he endorses it. He wouldn't spank me. But now he does. He now targets me. 

**If I behave:**
He takes me out for ice-cream or coffee
He lets me sit on his lap
Gives me kisses everywhere
Says he will marry me

**If I misbehave:**
He spanks me
He strips me naked and leaves me on the street
He grounds me
Forces me to ""serve"" him and his friends naked
Puts a diaper and pacifier on me

**General behavior:**
Doesn't let me use socials
Gaslights me
Says he loves me the most
Doesn't let me have smartphone
Makes me do ""family orientation"" meetings every minute
Makes me study unecessarily
Makes me hold my bladder
Says I have to be naked in his prescence
Says he wants to marry me and every father marries his daughter
Doesn't let me have a bf
 

He says every father does this and we are a family. I feel like I'm exaggerating but a part of me feels like its abuse. My aunt and my mol let me use smartphone. 

Reddit, what do I do? Am I being abused? ",2,1735376824.0,raisedbynarcissists,2,1.0,False
1ho1z7b,https://i.redd.it/yyc2xzu22k9e1.png,Failed attempt ,"Yesterday I tried a recipe from the aeroprecipe app and I might've done something incorrectly. 
It's an inverted recipe, nothing new to me.

However, at the fifth step the plunger popped out, sending some of the wet grounds flying. I'm pretty sure it was because of CO2 releasing from my 2 week old roast. I also wasn't using double filter, so the resistance from the lid side of the aeropress shouldn't provide that much resistance. 
Since the amount of grounds out of the bounds of aeropress wasn't that great, I decided to continue with the recipe. In spite of my little fail the coffee tasted great (I'm using a light roast floral blend), so I'll definetly try this recipe again in the future.

How should I deal with the plunger popping out, by pushing it in further? Perhaps a longer bloom, than the recipe suggests could help release more CO2?",1,1735376760.0,AeroPress,1,1.0,False
1ho1ys0,https://i.redd.it/c4cyqf2x1k9e1.jpeg,"[Amazon] Itzy Ritzy Adjustable Stroller Caddy /Organizer (Coffee & Cream) $10 + Free Shipping w/ Prime or on $35+ [Deal: $10.00, Actual: $29.99]",,0,1735376707.0,RedditShoppingDeals,1,0.5,False
1ho1x3e,https://i.redd.it/b226139a1k9e1.png,"When ordering coffee, ask them to go easy on the ice",,4,1735376494.0,ThailandTourism,9,0.64,False
1ho1wdo,https://www.reddit.com/r/saopaulo/comments/1ho1wdo/como_foi_sua_semana_o_que_voc√™_vai_fazer/,Como foi sua semana? O que voc√™ vai fazer? - Discuss√£o semanal do r/saopaulo,"O fim de semana chegou! 

-  Como foi sua semana?

-  O que voc√™ vai fazer nos pr√≥ximos dias? Desde grandes nadas, alguma baladinha na Augusta, ou pegar a fila na We Coffee, todos n√≥s temos planos!

---

[Regras da comunidade](https://www.reddit.com/r/saopaulo/wiki/regras) - [Link para o Discord](https://beacons.ai/rconversas) - r/SubredditsBrasil - [Envie uma mensagem para os mods](https://www.reddit.com/message/compose/?to=/r/saopaulo)",1,1735376419.0,saopaulo,0,1.0,False
1ho1u80,https://www.reddit.com/gallery/1ho1u80,Has TRT/HOT improved your quality of life? ,"I‚Äôve been dealing with daily fatigue for over a year despite averaging 7-8 hours of sleep per night, following a health diet and regular exercise since 2017. I‚Äôve benefited from using ashwagandha before work, using fadogia and Tongkat with coffee and creatine and boron as a pre workout, I‚Äôve even benefited from rodiola for cardio. But none of this has helped my fatigue. The final thing I can do is work with my doctor to get me off my SSRI and try another form of anti depressant. I know TRT is an expensive lifelong commitment which is why I‚Äôve avoided it but informed myself on it. I have six figures in assets and credit combined so funding TRT like kyzatrex isn‚Äôt an issue. The issue is preventing testicular atrophy and I‚Äôve had testicular torsion when I was 19. I‚Äôm 25 now. Very young compared to the people who need TRT. But I feel like a zombie the second I wake up and often have to take a nap after my morning shower on my days off. I have a low libido, zero morning wood. I have trouble building muscle and I just don‚Äôt feel sexy. I can try emsculpt but I‚Äôm already lean for American standards (15% body fat). Has TRT improved anyone‚Äôs quality of life? I‚Äôm very young and the insurance I have won‚Äôt pay for it. I use tretinoin for anti aging, maybe TRT is next. I‚Äôll have to see what happens after dropping my SSRI for another anti depressant. I‚Äôll never quit anti depressants because I have clinical depression and they‚Äôve helped me. I just want to feel energetic, be able to focus on my tasks and feel sexy/confident. ",2,1735376131.0,Biohackers,18,0.75,False
1ho1u3u,https://www.reddit.com/r/foodies_sydney/comments/1ho1u3u/david_jones_food_court_alternatives/,David Jones Food Court alternatives,"I have heard good reviews from years and years ago (mainly from boomers) about the DJs Food Court and how good it used to be.

I went there for coffee and cake and was left bitterly disappointed with the service and offerings. Coffee served in takeaway cup only and cake on cardboard plate!

Most of the reviews say this place has gone downhill and used to be an institution...

Are there any alternatives, or just anywhere good to have coffee and cake in Sydney?",5,1735376117.0,foodies_sydney,12,0.78,False
1ho1stx,https://www.reddit.com/gallery/1ho1stx,Best coffee and bread,We are staying in the Las Tablas area - in the suburbs of Madrid. There is a little Coffee place on Calle de Furelos that has captured our hearts. The inside is warm and cozy. The caf√© lattes are perfect. And the bread is baked fresh - true artistry. If you find yourself out this way - be sure to stop! https://escosecha.com ,0,1735375947.0,MadridTravelGuide,0,0.5,False
1ho1s2n,https://i.redd.it/x4anocrczj9e1.jpeg,Happy Saturday,"I‚Äôm a Gujarati and we drink truck loads of ginger masala tea whenever we can.
But I‚Äôve always been a fan of filter coffee, started with ordering instant decoctions from a supermarket to now having ordered a SIF so that I can enjoy liquid gold the way I like. It‚Äôs a step towards adding more coffee tools and having this by my side as a hobbie.
I only add milk (never sugar) when I feel like indulging, rest is always coffee and water

I got this offer on FlipKart- ‚Çπ400 for a 250g filter coffee powder which is Coffee 70:30 Chicory and 400ml South Indian filter press from Toffee Coffee Roasters. If anyone‚Äôs looking to it, I‚Äôll give my unbiased review in the comments.",4,1735375844.0,IndiaCoffee,0,1.0,False
1ho1roq,https://www.reddit.com/r/mobydick/comments/1ho1roq/a_coward_wind/,A coward wind,"My latest Flat White Whale blog takes a quote from Chapter 135 and uses it to talk about getting a coffee while picking up a Christmas tree after a storm. 

‚ÄôTis a noble and heroic thing, the wind! Who ever conquered it? In every fight it has the last and bitterest blow. Run tilting at it, and you but run through it. Ha! A coward wind that strikes stark naked men, but will not stand to receive a single blow.

[Flat White Whale](https://flatwhitewhale.substack.com/p/on-the-hoof)

Let me know what you think. ",1,1735375792.0,mobydick,0,1.0,False
1ho1r5i,https://www.reddit.com/r/relationships/comments/1ho1r5i/i_27m_meet_a_girl_31f_and_want_to_be_in_a/,I (27M) meet a girl (31F) and want to be in a relationship with her ,"Hello..

I am (27M) a foreigner living in the middle east and traveled alone for a getaway into Azerbaijan. 
During my stay I had one tour guide (31F) from ShowAround to show me the country with her driver. 

Most of the time I was with her during coffee breaks, lunch, dinner, and including some tour activities. 
It is clear to me that we have a very similar characters and have matching targets in life. She is also soo kind hearted and I liked her so much. 

After we finished the trip I sent her a message to see if she was single or not and if she was also interested in me. She replied that she agree we have very similar personalities but she is old (not an issue for me) and now speaking to someone seriously. 

I couldn't stop thinking about her. Part of me thinks that she rejected me because of the age difference. 

Should ask her again and explain that I don't have any issue with the age difference?
Appreciate your advice. 

TL;DR: I met a girl and we have similar personalities but she says she is old and speaking to someone seriously. ",0,1735375720.0,relationships,12,0.43,False
1ho1r48,https://www.reddit.com/r/ShitpostXIV/comments/1ho1r48/hot_take_blind_players_are_the_only_opinions_that/,Hot take: Blind players are the only opinions that matter on the difficulty of content,"Listen up, you guide-slurping parasites. I‚Äôve been a day-one raider since forever, clearing content so fast the devs were still patching bugs while I was looting coffers. You think your 'watch and follow' routine compares to the sheer alpha-brain energy it takes to step into an uncharted arena and dominate? Get the fuck outta here.

You ever solve a raid mechanic live on stream while the rest of the party‚Äôs crying in party chat? No? Didn‚Äôt think so. While you were waiting for people like Xenosys to explain all the positioning, I was reading the boss‚Äôs fucking animation frames with my third eye. I cleared that shit before the second cup of coffee, and my dick grew twelve inches clearing that shit out before the enrage timer. Easy clap for goat blind raiders like myself.

You‚Äôre out here whining about the content being too hard when the hardest thing you‚Äôve done is scrolling through a raidplanner. Meanwhile, I‚Äôm in the trenches, finding strats that guide writers steal for their content. Hell, you‚Äôre probably thanking me without even knowing it. And don't think I forgot about those of you rats trying to critique this shit as too easy. Nah you didn't even play the game on your own. You used strats figured out my raid gods like myself, copying them like a pre-recorded dance tutorial while you did your best not to try over your own feet every step of the way.

Unless you‚Äôve felt the raw euphoria of figuring out a fight with zero external help‚Äîrealizing the devs couldn‚Äôt break you‚Äîstay quiet. Your opinion‚Äôs worth less than a CAR wipe at 0.1% HP. Get good, stay bad, or bow down to the day-one gods like yours fucking truly.",12,1735375716.0,ShitpostXIV,3,0.8,False
1ho1pc6,https://newharlemcoffee.com/,"New Harlem Family Reserve Coffee is a premium offering from New Harlem Coffee, a Harlem-based company with roots in Costa Rica dating back to 1952. This coffee is crafted from select Arabica beans, dark roasted in small batches to produce a sinfully delightful dark coffee offering a bold taste.",,1,1735375491.0,u_Sure-Boysenberry-877,0,1.0,False
1ho1p4v,https://www.reddit.com/r/TrueOffMyChest/comments/1ho1p4v/i_had_sex_with_my_soontobe_mother_in_law/,I had sex with my soon-to-be mother in law,"So this started some time back, during my partying/horny years like mid 20s. Sometimes on weekends if I didn't score some chick at the club I'd check the local escort website for some available ""action"". So one time I find this woman offering professional massages with happy endings. Nice. I visit her once, everything is cool, she's friendly, professional, hot AF, in lingerie, maybe 10+ years older than me. During maybe next 5 years (I'm not really sure about the timeline) I visit her once in a while maybe like 10 times. Handjobs, BJs, a couple times even sex. She has all kinds of massage certificates on the wall so I know her full name.

Some time passes, I went through BS relationship and had no time for such activities. Once I find this girl on Tinder. Kinda chubby, but interesting and cute as fuck. We meet for some coffee, chat on whatsapp every day until one night she writes she's at her mom's place (like 2 AM) and needs to get home, so I offer to pick her up. BOOM- she gives me the same address as my massage lady AND she has the same last name :D OK, I take her home, that night we had sex for the first time and kinda started dating. But in the back of my mind I know shit can go bad sooner or later.

After like a month or two she says her mom needs to pick up a cat from a shelter and asks me to drive them there. So I'm scared shitless but go there anyway, praying to every possible god that ever existed her mom doesn't recognize me. Her mom gets into the car, we don't talk too much and everything goes smooth. Whew! Some time later we celebrate her mom's birthday together and till today everything is fine, but I'm still not sure if her mom has no idea I'm one of her former clients or she just keeps her mouth shut.

Recently my GF even told me that she had an ex and later she found out he was also her mom's client (small world...) so that was disgusting and a total deal-breaker for her.

Fast forward to today - we're getting married next spring (her mom still doesn't know) and this is something I'll have to take with me to the grave.",1,1735375462.0,TrueOffMyChest,8,0.53,False
1ho1nvy,https://i.redd.it/tdjlupc7uj9e1.png,"I had a dream about attending a trivia game that was clearly rigged. I confidently thought I had answered a coffee related question right, only for the 'correct' answer to turn out to be a random medieval weapons fact. The rest of the attendees mocked and belittled me over my embarrassing incident. ",,2,1735375297.0,thomastheplankengine,0,1.0,False
1ho1muy,https://www.reddit.com/r/exjw/comments/1ho1muy/explaining_my_elderdad_that_the_fear/,Explaining my elder-dad that the fear,"It seems my parents have accepted me leaving the religion and fade. I‚Äôm 32 and faded about 1,5 years ago when i ‚Äúmarried‚Äù my ‚Äòworldy‚Äô partner.

I want to tell them so many things, but it can backfire in ways i don‚Äôt comprehend. I try to use words that are used if you are in the ‚Äòtruth‚Äô because i‚Äôm scared they can label me an apostate if i‚Äôm to distant from there terminology.

I want to tell my dad who is an elder that i have so much fear to lose them. That i never felt like i could speak to them about everything even as a child i could not be open to them because of the fear how it wil backfire on me because of being a witness. 

At this point i‚Äôd rather lose everybody and be done with this then having to rattle my way around them. I‚Äôm fearful that one day i say something that have them label me as apostate. So i constantly have to avoid that and its tiring. Even if its all in my head i can‚Äôt find a way to not give a fck about it.

There is a change my dad is pimo, but the signals are mixed :(
My dad let me listen to conversation he had with an elder on the phone about a situation in the cong involving other elders, that was a major step in my waking up. When i went with him in the ministry it was more coffee then doors, even my mum ( super-pimi ) know he doesnt do much. Once he said he wonders how he‚Äôs life would be if he hadnt become a witness and if its not better to not know the ‚Äòtruth‚Äô. When the GB said some confusing stuff i told him and he said, well they have to make up something to not be silent about it. I have doubted that my dad is maybe pimo after connecting all these dots.
All these things were helping me to wake up. 

But then he did something i class as very pimi, maybe im wrong. 
When i had a girlfriend he told the body of elders and they wanted to meet with me because they were so worried about me. This made me believe that maybe he is a pimi and not a pimo. 

Sometimes i think if its not better to lose all my family and life my live without worrying about this, im just scared that once i take this step there is no way back and i regret it later.",1,1735375163.0,exjw,1,0.67,False
1ho1mic,https://v.redd.it/8kbtwau2xj9e1,New Harlem Family Reserve Coffee  https://newharlemcoffee.com/,,1,1735375121.0,u_Sure-Boysenberry-877,0,1.0,False
1ho1m8d,https://www.reddit.com/r/lowendgaming/comments/1ho1m8d/what_games_can_i_play_on_my_absolute_potato/,What games can I play on my absolute potato,"Specs from speccy:

* CPU: Intel Core i3 9100F @ 3.60GHz Coffee Lake 14nm Technology
* RAM: 8.00GB Single-Channel DDR4 @ 1200MHz (19-19-19-43)
* Motherboard: Gigabyte Technology Co., Ltd. H310M S2 2.0 (U3E1)
* Graphics: D1918H (1366x768@60Hz)
* ‚Äå                1024MB NVIDIA GeForce 210 (ASUStek Computer Inc)
* Storage: 223GB Western Digital WDC WDS240G2G0A-00JH30 (SATA (SSD))
* ‚Äå              931GB Western Digital WDC WD10EZEX-60WN4A1 (SATA )
* ‚Äå              28GB USB SanDisk 3.2Gen1 USB Device (USB )

Are that enough specs? Idk  
Any games I could run on this potato which barely runs minecraft with shaders at 15 fps?",2,1735375088.0,lowendgaming,10,1.0,False
1ho1m7c,https://www.reddit.com/r/roleplaying/comments/1ho1m7c/birth_of_the_ebony_flame/,Birth of the Ebony Flame,"(I've decided to try a new idea that I've been kicking around for a bit. Obviously, it's an isekai. I've never done one before, and certainly never played as a creature before so I'm definitely excited to see how this plays out. I will say that there will be mechanics in place later on in the story to allow my character to take on a humanoid form, and I plan on having that implemented fairly quickly but there's going to be a period where our characters won't be able to talk to escorts beyond body language. So that should be fun. 

This should start off fairly light-hearted as you'll be able to see, but there is some serious notes that will manager later on as the story progresses. This is gonna be 1x1 but I would like to take this off Reddit in favor of a somewhat more organized platform which we can discuss later. Finally, I do have some minor questions and requests which we can discuss later. I doubt any of them will be any issue for anyone

Now without further ado, please enjoy.)

The Last Day

Lucien Graft floated aimlessly through an empty void. Memories danced at the edges of his consciousness, hazy and surreal.

Where am I? How did I get here? Is this a dream?

His life flashed before him‚Äînot as a montage of triumphs, but a dreary sequence of long office hours, cold takeout dinners, and the faint hum of fluorescent lights. No friends to call his own, no family beyond his mother, whose memories had long been claimed by her illness. His existence had been an endless loop of monotony.

That‚Äôs right‚Ä¶ God, my life sucks. Maybe this is some kind of stress dream?

The thought brought the last memory into focus. He was at his desk, staring blankly at the clock, counting down the hours until another wasted day was over. A yawn, a stretch, a knock of his elbow‚Äîthen the lukewarm coffee spilled across his desk, dripping into the exposed power strip below. A spark. A flash. Pain so fleeting he barely registered it.

Wait‚Ä¶ am I dead? From a crappy cup of office coffee? Really?!

A voice answered, interrupting his spiraling thoughts.

‚ÄúYep. Dead as a doornail. Sorry about that.‚Äù

Lucien spun, or at least he felt like he did‚Äîthere was no ground, no body. Before him materialized a man seated on a grand marble throne. His attire was‚Ä¶ odd. A blend of gaudy and regal, like a businessman who‚Äôd won the lottery and couldn‚Äôt decide between power or flair. The throne was surrounded by an endless expanse of clouds and a fading sunset that didn‚Äôt seem to belong to any particular horizon.

‚ÄúWho‚Äîwhat‚Äîare you?‚Äù Lucien stammered.

The man smirked, leaning forward. ‚ÄúI am Lulutera. A god, as you mortals call us. And‚Ä¶ well, I hate to admit it, but your untimely death was my bad.‚Äù

‚ÄúYour bad?! I died because of you?!‚Äù

Lulutera raised a hand to cut him off. ‚ÄúLook, I said I was sorry. It was an accident‚Äîhonestly, I thought the fire suppression in that office was better. Humans and their safety codes‚Ä¶‚Äù He trailed off, shaking his head. ‚ÄúAnyway! I‚Äôm here to make it up to you.‚Äù

Lucien folded his arms, skeptical. ‚ÄúAnd how exactly do you plan to fix this?‚Äù

‚ÄúWell, I can‚Äôt send you back‚Äîyour body‚Äôs‚Ä¶ well, let‚Äôs not dwell on that. But I can offer you a new life. A better one, in a new world! Think of it as‚Ä¶ reincarnation, with perks.‚Äù

Lucien stared, his disbelief mounting. ‚ÄúI had a life, you know. A crappy one, sure, but it was mine.‚Äù

‚ÄúDid you, though? No friends, no real family to miss you‚Äîand you hated your job. I‚Äôm doing you a favor here. So what‚Äôll it be? Rebirth, or the afterlife? I warn you, limbo‚Äôs a bit crowded these days.‚Äù

Damn, he‚Äôs not wrong. Lucien exhaled sharply. ‚ÄúFine. I‚Äôll bite. What‚Äôs the catch?‚Äù

‚ÄúNo catch!‚Äù Lulutera snapped his fingers, and a massive spinning wheel appeared, filled with thousands of cryptic symbols and images. ‚ÄúJust spin the Wheel of Reincarnation to find your new form. I‚Äôll even throw in a blessing. Go on, give it a whirl.‚Äù

Lucien looked from the wheel to Lulutera and back again, his annoyance bubbling. ‚ÄúThis is a joke, right?‚Äù

‚ÄúDo I look like I joke?‚Äù Lulutera replied, deadpan, though the faint smirk undermined his words.

Reluctantly, Lucien stepped forward and spun the wheel. It turned for what felt like an eternity, Lulutera humming a jaunty tune as it clicked past options like ‚ÄúMoss Sprite,‚Äù ‚ÄúStone Golem,‚Äù and ‚ÄúRoyal Griffin.‚Äù Finally, the wheel slowed, its pointer settling on an image of a dark, flaming bird.

‚ÄúWhoa!‚Äù Lulutera exclaimed, clapping his hands. ‚ÄúYou‚Äôve hit the jackpot! The legendary Ebonflame Phoenix. Not only are you the first of your kind, but you‚Äôre also bound to shake things up in your new world. They‚Äôll never see you coming.‚Äù

‚ÄúA phoenix? Seriously?‚Äù Lucien grimaced. ‚ÄúCan‚Äôt you make me human or something?‚Äù

‚ÄúBoring! Besides, this body has so much potential. Trust me, you‚Äôll thank me later.‚Äù Lulutera snapped his fingers again. The ground beneath Lucien vanished, sending him plummeting toward an endless sky.

‚ÄúWait! What about my blessing‚Äî?!‚Äù His scream was cut off as black flames engulfed him, reshaping his body into a fiery egg, solidified in a cocoon of smoldering ash.


---

The New World

The village of Ardentwood had known peace for generations, nestled in the shadow of the Emberstone Mountains. But in recent months, the winds carried whispers of unease. Monsters grew bold, attacking in waves that even seasoned adventurers struggled to repel. The skies seemed darker, the forests quieter‚Äîa foreboding stillness that set even the most stoic farmers on edge.

It was on one such uneasy evening that a fiery streak tore across the heavens, crashing into a field just outside the village. Farmers gathered warily, weapons in hand, only to find a smoldering crater‚Äîand within it, a blackened, glowing egg, pulsing with an ominous warmth.

Word spread quickly. Some whispered it was a blessing, others a curse. But one thing was certain: the world would never be the same.

",1,1735375086.0,roleplaying,0,1.0,False
1ho1lk3,https://i.redd.it/7ckxmvruwj9e1.jpeg,My kind of Saturday,"Mini cupcakes from Sonja‚Äôs, a cup of coffee, and the excitement of picking out a new book to read. Happy Saturday! üßÅ‚òïÔ∏èüìö‚ú®",17,1735375004.0,PHBookClub,2,0.91,False
1ho1lal,https://i.redd.it/gktxifdrwj9e1.jpeg,Best video of the year IMO,,11,1735374971.0,JamesHoffmann,0,0.92,False
1ho1l1i,https://www.reddit.com/r/gallbladders/comments/1ho1l1i/postopers_do_you_eat_breakfast_what_do_you_eat/,"Post-opers, do you eat breakfast? What do you eat? ","Is it the same food every day?  
Also how long ago was your surgery?  

I had my gallbladder removed 1.5 years ago, and I need to eat nuts or eggs, or some mix of fat and protein in the morning. Along with water and coffee. I often keep a Larabar (made of only nuts and dates) at my bedside. ",1,1735374939.0,gallbladders,1,1.0,False
1ho1jph,https://www.reddit.com/r/starbucks/comments/1ho1jph/violently_sick_after_coffee/,Violently Sick After Coffee,"Hello.

Just to share a quick story from yesterday, and see if anyone has had similar experiences. 

Me and my partner headed to Starbucks after our monthly Costco shop. This is like our little tradition. I ordered my usual drink - Decaff Caramel Macchiato with Oat Milk, and my partner did the same. Weirdly enough this time, we had to wait 5-6 minutes between the first drink arriving and the second drink arriving. My partner insisted that I took the first one, so I waited until their one arrived, then we took them away with us as we sit and enjoy a view of the countryside with the drinks.

As soon as I had finished my drink, I instantly felt something was wrong. Just this hot, dizzy and nauseous feeling came over me and within 10 minutes I was violently sick, like projectile vomiting my whole coffee at the side of the road. 

We have contacted the branch via email to have this investigated. 

Anyone had similar experiences?",1,1735374771.0,starbucks,15,0.67,False
1ho1jaj,https://www.reddit.com/r/Minecraft/comments/1ho1jaj/minecraft_ios_phone_version/,Minecraft IOS / Phone Version ,"Hi guys,

Quick question I‚Äôm hoping you might be able to help me with. 

My son (6) plays Minecraft. He got a new iPad for his Christmas present. 

He was excited to play with me so I made an account and downloaded Minecraft on my phone. 

I created a realm?, it costs ¬£2.99 a month or something. 

I invited him to the world / realm thing I created and we started building things together. Well I‚Äôve just got up and he asked if we can play Minecraft, I need a coffee so I told him to get onto the world I created and I‚Äôll join in a bit. I can‚Äôt see it on his iPad, so can‚Äôt join it without me? I logged on quickly and joined the realm myself, then invited him. He joined and I logged off. He‚Äôs now happily sitting next to me playing on this world / realm thing I created without me in the game. 

How can I make it so he can just join the world / realm thing I created, without me needing to be present?",1,1735374718.0,Minecraft,1,1.0,False
1ho1j4o,https://www.reddit.com/gallery/1ho1j4o,My best spots of 2024 (also my first year of spotting),,15,1735374698.0,ForeignPlatesSpotting,1,1.0,False
1ho1ijc,https://i.redd.it/64dzeuwpvj9e1.jpeg,Pound your mochi like your life depends on it ,,8,1735374622.0,D4DJ,2,1.0,False
1ho1i5p,https://www.reddit.com/r/Semenretention/comments/1ho1i5p/diet_help_inspiration/,Diet help/ inspiration ,"Hey Guys. I'm in the midst of my second 50+ day streak and I'm having trouble with diet. For context, I quit coffee cold turkey after drinking two cups a day at least for maybe 4 years and ever since then I have felt more calm and less stressed but my sugar and unhealthy food cravings have gone up dramatically. Even eating relatively bad I have lost probably a pound in the last month, but I'm 6 ft 182 pounds and 16 percent body fat. 

It's so strange to me how I can sit in bed or just be going about my life and feel sexual urges and resist them for long periods of time, yet I can not resist my food cravings. 

I also have trouble because in the past when I have struggled with weight, I have used sexual thoughts to fuel my efforts in the gym and in resisting glutinous foods. I.e looking at crushes on instagram and then going to the gym like a psycho with her in my head. Does anyone do that while on SR? I've been trying to avoid lust and stay in my own world but it's obviously quite difficult and I'm not sure if I'm transmuting properly because basically only when I think about girls do I feel the super insane energy. 



",5,1735374577.0,Semenretention,5,1.0,False
1ho1hry,https://i.redd.it/jw6vd54fvj9e1.jpeg,CC Reserve- Dumas,"Happened to be at CC Reserve Dumas last night.
Must say the owner has put in efforts and money to make one of the best cafes in the city (or outside it).
Mehnga hai but vibes hai.
An iced americano costs 250, an iced coffee another 250. A walnut brownie was 180.
GST ke saath, costed around 800.
Good for dates.",8,1735374528.0,surat,2,1.0,False
1ho1hgt,https://www.reddit.com/r/atrioc/comments/1ho1hgt/all_my_friends_are_atrioc_viewers/,All my friends are Atrioc viewers,"Hello Everyone,

In case anyone knows me, no you don‚Äôt.

As many twenty something year-old people currently are right now, I am coming home from a night of post-Christmas high school reunions. After viewing the responses to one friends offhanded ‚ÄòWassup Beijing‚Äô reference, I have found out that multiple people I know deeply and personally watch the coffee cow regularly. This scared me as I have never met another Atrioc viewer in person (bar another Enron hat person out and about) but felt interesting to know there were other people I know who independently ended up here.

TL:DR    Look around you. Many of the closest people you have known likely independently watch your niche micro internet celebrity",12,1735374488.0,atrioc,4,1.0,False
1ho1gh7,https://www.reddit.com/r/dementia/comments/1ho1gh7/is_getting_a_diagnosis_important/,Is getting a diagnosis important?,"My mother (82) broke her hip and is in a rehab facility for the time being. I came down to take care of my dad (87) because he‚Äôs got mobility issues and is on a walker. I‚Äôm not particularly close to my parents, so not involved with their care or everyday lives, and I live several hours away. 

2 years ago, my dad had a TIA, but my mom did not tell him, take him to the hospital, or tell his doctor. She instead gave him whiskey and coffee (a home remedy for stroke, she said!) A week later, I was visiting, and told me, and I insisted she tell the doctor. A week after that, she did tell the doctor and he suggested an MRI, which they declined. At the time I was visiting, my dad seemed ‚Äúnormal‚Äù to me, looking back on it he was probably already experiencing dementia but has always had a stubborn, demanding, and argumentative personality, so it‚Äôs hard to tell! Also, my mom has always waited on him hand and foot, so it‚Äôs not unusual for him to be unable to get a cup of tea or operate any sort of household appliance. 

Now I‚Äôm here taking care of him, and my mom isn‚Äôt around, it is clear he has more than ‚Äúmild cognitive impairment‚Äù. He asks at least 15 times a day when mom is coming home, and often calls me by my cousin‚Äôs name. He‚Äôs obsessed with driving to McDonalds and sees that as the solution (i.e. he thinks he will drive himself to McDonalds and eat there 3 times a day until my mom comes home). My mom does let him drive occasionally but he doesn‚Äôt actually want to, and she says he doesn‚Äôt know 
where he‚Äôs going and she has to remind him and give him step by step directions. I‚Äôm really questioning my mom‚Äôs decision-making abilities but that‚Äôs a story for a different day. 

I did take him to his Dr‚Äôs today to get evaluated so we could get help through the VA and the doctor connected us with a social worker but didn‚Äôt schedule any cognitive tests or follow ups. Should I push for a formal diagnosis or testing? Does he need that to be admitted to a memory care facility? I don‚Äôt want to waste resources on testing or cause further upset for my dad (it was a difficult day for us) if I don‚Äôt need to. 

Also, should I insist on screening for my mom as well? She has the right to make her own decisions, as does he, but she seems to have some memory lapses of her own and she did initially come home from the hospital AMA to take care of my dad, which caused me a bunch of stress because I had to take her back and have her readmitted and sent to rehab! In other words, her decisions are seemingly putting both their health and safety at risk. ",1,1735374359.0,dementia,0,1.0,False
1ho1gf2,https://www.reddit.com/r/CCSP/comments/1ho1gf2/passed_ccsp_on_the_first_attempt_sharing_my/, Passed CCSP on the First Attempt ‚Äì Sharing My Experience,"Big thanks to the community for all the valuable tips and guidance‚Äîyour insights truly made a difference!

About Me
With 17+ years in production/security incident management, project, and program management, I work in an organization that heavily utilizes public cloud environments. That experience definitely helped during my CCSP journey.

Exam Experience
I found CCSP more challenging than CISSP, but the elimination technique was my savior. For tough questions, I narrowed it down to two options, then re-read the question 2-3 times to make the right choice. I completed the exam 40 minutes ahead of time.

Study Resources
Here‚Äôs what I used:

Destination CCSP (Kindle)

CCSP Cloud Guardians (Kindle)

Prashant Mohan‚Äôs Cirrus Notes

LearnZ App (1000 Questions)

Packet Prep (862 Questions)

SkillCertPro CCSP Master Cheat Sheet

CCSP Last Minute Guide by Mike Chapple

Prabh Nair‚Äôs Coffee Talks

Pete Zerger‚Äôs CCSP Cram Slides


Key Takeaway
None of the practice questions resembled the real exam, and ISC2 deserves kudos for maintaining high standards.

Good luck to everyone preparing‚Äîyou‚Äôve got this!

",1,1735374351.0,CCSP,2,0.67,False
1ho1fuw,https://i.redd.it/9h2qcpsouj9e1.jpeg,I tried the Genshin x Luckin Coffee Collab,"This was the ‚ÄúFontainian Red Wine Americano‚Äù
Honestly like it‚Äôs not a bad flavor but idk if the flavor is good either it‚Äôs pretty hard to describe.
Basically it tastes like if you made coffee from Clorinde‚Äôs unwashed stockings for a week and soaked it in water. I was late to the collab so I didn‚Äôt get a special cup or a Clorinde badge you‚Äôd normally get but yeah. I might try the Sigewinne one cuz it sounds better.",0,1735374278.0,Genshin_Impact,1,0.5,False
1ho1fcj,https://www.reddit.com/r/pourover/comments/1ho1fcj/zp6_brewers_drippers_and_recipes/,"ZP6 brewers, drippers, and recipes","I, like many others, have recently entered the pourover world and treat every coffee like an experiment. Every day I type in ‚ÄúV60 + zp6‚Äù or ‚Äúhario switch + zp6‚Äù just hoping a recipe will speak to me. I‚Äôd like to see what you all think of the large amount of zp6 recipes online.

How did you use your zp6 in 2024? How are you making the most of your zp6 in 2025? Help me and others to do the same!

I want to know what you all have tried and loved. I would love to read as much detail as you will be comfortable providing- please share with kind of coffee, the brewer you used, your temp, and the grind setting.
",1,1735374211.0,pourover,3,0.67,False
1ho1evu,https://i.redd.it/d8w6a9lbuj9e1.jpeg,"Returning from abroad, looking for nicotine pouches in Tricity, where to buy these ?","I quit smoking few months ago and I am using Nicotine pouches from Velo / Zyn / Nordic Spirit
Can I find them here in Tricity ? I have run out of supply. 

Can‚Äôt order online, parents will find out. ",0,1735374153.0,Chandigarh,0,0.5,False
1ho1enu,https://www.reddit.com/r/btc/comments/1ho1enu/why_are_bch_fees_so_high_why_are_btc_fees_so_low/,Why are BCH fees so high? Why are BTC fees so low? 10 cents to buy a coffee is too high of a fee. I thought you guys said BCH fixes this?,"Why wouldnt I use cardano or litecoin or lumens instead of BCH? It's .40 cents to send a bitcoin transaction from coinbase rn, and 10 cents for a BCH transaction. I'm not impressed. I'm beginning to think the small blockers were right, that bitcoin needs to be slow and somewhat costly on the first layer to prevent spam attacks and to allow older hardware on slower networks in third world countries to participate as nodes, in order to prevent centralization. 

It seems to me that BCH has solved nothing - just look at the fees. If they are already 10-12 cents right now, what about if the whole world were using BCH, then what would the fees be? 40 cents, like BTC is currently? I'm not impressed. Change my mind.",3,1735374125.0,btc,24,0.54,False
1ho1eb8,https://www.reddit.com/r/Market76/comments/1ho1eb8/h_200_coffee_w20_leaders/,H: 200 coffee W:20 leaders,,3,1735374083.0,Market76,2,1.0,False
1ho1e0b,https://www.reddit.com/r/MakeNewFriendsHere/comments/1ho1e0b/32m_anyone_still_up_looking_to_just_vibe_maybe/,32M anyone still up looking to just vibe? Maybe voice chat? Can‚Äôt sleep ,"
Currently living on a rather insignificant little blue green planet orbiting the sun at distance of roughly 92 million miles.


32yo Hispanic male from NYC. I‚Äôm a college grad with a decent job. I enjoy staying active and running regularly. I‚Äôve recently started up reading a lot again. I like collecting lots of different things. I collect mugs (coffee and tiki), Funko, cookbooks, gunpla and records. I watch a lot of tv and constantly run out of new things to watch. Excited for squid game season 2 on Thursday. I rarely drink alcohol and I‚Äôm 420 friendly. I‚Äôm bipolar and have adhd. I talk way too much and always reply. I love pizza and carbs though recently I haven‚Äôt allowed myself to indulge much. Proud Slytherin house member. Strong believer that Dwight on the office is by far the best character and Jim sucks. I‚Äôm pretty liberal. I have trouble with balance and often trip on stairs. I‚Äôm an organ donor. I clean my ears too much. I have four limbs and I grow body hair because I‚Äôm a mammal. I eat for nourishment and survival. I inhale oxygen and exhale carbon.  


And I don‚Äôt really have many friends. Could use someone to help fill my time. HMU. ",1,1735374044.0,MakeNewFriendsHere,1,1.0,False
1ho1d4q,https://www.reddit.com/r/u_homeandsoul/comments/1ho1d4q/how_to_choose_the_perfect_pouf_for_your_living/,How to Choose the Perfect Pouf for Your Living Room Style,"Poufs are the unsung heroes of modern living rooms. They‚Äôre versatile, stylish, and functional, making them a must-have piece for any space. Whether you‚Äôre looking for extra seating, a cozy footrest, or a decorative accent, a [pouf](https://www.homeandsouldubai.com/textiles/poufs) can fit seamlessly into your design. But with so many options available, how do you choose the perfect **pouf** for your living room? Here‚Äôs your guide to picking one that complements your style and enhances your space.

# 1. Define Your Living Room Style

Before choosing a **pouf**, consider the overall aesthetic of your living room. Is it modern, bohemian, minimalist, or traditional? The design of the pouf should align with your existing decor to create a cohesive look.

* **Modern Style**: Opt for sleek, neutral-toned poufs with clean lines. Leather or velvet finishes work well in contemporary spaces.
* **Bohemian Style**: Choose poufs made of natural materials like jute, rattan, or macram√©, with bold patterns or earthy colors.
* **Minimalist Style**: Look for understated pouf designs in monochromatic colors or muted tones.
* **Traditional Style**: Go for poufs with classic details, like tufted upholstery or decorative stitching.

# 2. Consider the Functionality

How you plan to use your **pouf** will determine the ideal size, material, and design:

* **Pouf Seating**: If you need extra seating for guests, choose a sturdier pouf with a firm cushion to ensure comfort and durability.
* **Footrest**: For a cozy footrest, a softer and smaller pouf is ideal.
* **Decorative Accent**: If you‚Äôre using the pouf as a design element, focus on unique patterns, textures, and shapes that complement your living room.

# 3. Choose the Right Material

The material of your **pouf** affects both its appearance and durability. Here are some popular options:

* **Fabric Poufs**: Perfect for cozy and relaxed living rooms, these are available in various colors and patterns.
* **Leather Poufs**: These add a touch of luxury and sophistication, making them ideal for modern or traditional spaces.
* **Knitted Poufs**: A popular choice for casual and bohemian interiors, knitted poufs add texture and warmth.
* **Jute or Rattan Poufs**: Great for eco-friendly or rustic designs, they pair beautifully with natural decor elements.

# 4. Match the Size to Your Space

The size of your **pouf** should be proportionate to your living room and its furniture.

* In smaller living rooms, opt for a compact pouf that doesn‚Äôt overwhelm the space.
* In larger spaces, you can experiment with oversized poufs or multiple poufs arranged in a group.

For a balanced look, ensure the pouf‚Äôs height complements your sofa or chairs, especially if you‚Äôre using it for [pouf seating](https://www.homeandsouldubai.com/textiles/poufs) or as a footrest.

# 5. Coordinate Colors and Patterns

The color and pattern of your pouf should harmonize with your living room‚Äôs palette.

* **Neutral Poufs**: Ideal for blending seamlessly into any decor style.
* **Bold Colors**: A vibrant pouf can act as a statement piece, adding energy and character to the room.
* **Patterns and Prints**: Stripes, geometric designs, or bohemian patterns can bring visual interest to your space.

Visit **home interior stores** to explore a variety of pouf designs and find the one that best suits your living room‚Äôs aesthetic.

# 6. Explore Poufs for Living Room Storage

Some [poufs for living room](https://www.homeandsouldubai.com/textiles/poufs) come with hidden storage, making them a functional choice for smaller spaces. These storage poufs can hold blankets, magazines, or remote controls while serving as seating or a footrest.

# 7. Layer Your Living Room Design with Poufs

Poufs aren‚Äôt just standalone pieces‚Äîthey can be layered with other furniture to create a dynamic look.

* Pair your pouf with a soft area rug for added texture.
* Use multiple poufs of varying sizes to create a casual seating arrangement.
* Place a tray on a flat pouf to double it as a coffee table.

# 8. Shop Smart at Home Interior Stores

When looking for the perfect **pouf**, explore [home interior stores](https://www.homeandsouldubai.com/) for a range of styles, materials, and price points. Many stores offer curated collections of **poufs for living room** setups, making it easy to find the perfect match for your space.

# Final Thoughts

A **pouf** is more than just an accent piece‚Äîit‚Äôs a functional and stylish addition that can elevate your living room. Whether you‚Äôre looking for **pouf seating**, a decorative element, or a cozy footrest, there‚Äôs a perfect pouf out there for your space.

Ready to transform your living room? Visit your favorite **home interior stores** and explore the world of **poufs for living room** decor. With the right choice, you‚Äôll add comfort, style, and versatility to your home!",1,1735373931.0,u_homeandsoul,0,1.0,False
1ho1csg,https://www.reddit.com/r/espresso/comments/1ho1csg/single_dose_grinder_2000/,Single dose grinder [¬£2000],"I‚Äôve decided to pull the trigger on a Victoria Arduino E1 Prima EXP machine to replace my aging Sage Duo Temp machine. 

I want to replace my Sage smart grinder pro too. I have about ¬£2000 for the grinder.

 I single dose mostly light to medium roasts. I‚Äôd like it to be white to match my coffee station. ",1,1735373887.0,espresso,2,0.99,False
1ho1bag,https://www.reddit.com/r/DeLonghi/comments/1ho1bag/delonghi_magnifica_evo_ecam_back_panel/,Delonghi magnifica evo ecam back panel,"Hello. My brother recently put coffee beans in the ground coffee slot and now the machine is making strange noises. He said he called a repairman and the guy told him to remove the back panel. What type of screwdriver do we need to do this?
",1,1735373702.0,DeLonghi,3,1.0,False
1ho1a3e,https://www.reddit.com/r/u_homeandsoul/comments/1ho1a3e/the_ultimate_side_table_buying_guide_finding_the/,The Ultimate Side Table Buying Guide: Finding the Perfect Match for Your Space,"Side tables are the unsung heroes of home decor. Whether you‚Äôre styling your living room, bedroom, or outdoor area, a [stylish side table](https://www.homeandsouldubai.com/product/mathis-black-side-table-low) can provide both functionality and flair. But with so many designs, materials, and sizes available, choosing the perfect side table can feel overwhelming. This guide will help you navigate your options and find the ideal side table for your space, with insights into trending designs like [rattan side table](https://www.homeandsouldubai.com/outdoor/tables/outdoor-side-tables) and options for [outdoor side table](https://www.homeandsouldubai.com/outdoor/tables/outdoor-side-tables) in Dubai.

# 1. Determine Your Side Table's Purpose

The first step in finding the perfect **stylish side table** is deciding how you‚Äôll use it.

* **For the Living Room:** Choose a table to hold drinks, books, or decorative items like vases or candles.
* **For the Bedroom:** A side table next to your bed can double as a nightstand for lamps, alarm clocks, or small storage.
* **For Outdoor Spaces:** Opt for durable **outdoor side tables** that can withstand the elements while complementing your patio or garden setup.

# 2. Choose the Right Material

The material of your side table plays a key role in its style, durability, and functionality.

# Rattan Side Tables

Rattan side tables are on-trend for their natural, textured look. Perfect for bohemian or coastal-inspired interiors, they pair beautifully with [rattan furniture Dubai](https://www.homeandsouldubai.com/product-category/shop/furniture/rattan). Rattan tables are lightweight, versatile, and ideal for both indoor and outdoor settings.

# Wooden Side Tables

Wooden side tables offer timeless elegance and pair well with most decor styles. Look for natural finishes for a rustic vibe or polished wood for a more formal look.

# Metal and Glass Side Tables

For a modern and sleek aesthetic, metal or glass side tables are excellent choices. They‚Äôre durable and often come in minimalist designs that work well in contemporary homes.

# Outdoor-Friendly Materials

For outdoor spaces, materials like treated wood, aluminum, and synthetic rattan are excellent choices. These materials resist moisture, heat, and UV rays, making them durable and stylish additions to your garden or patio.

# 3. Consider the Size and Shape

The size and shape of your side table should complement your space:

* **Small Spaces:** Opt for compact, round side tables to save space without compromising on style.
* **Large Rooms:** A pair of larger, rectangular side tables can frame a sofa or bed beautifully.
* **Outdoor Settings:** Look for versatile designs like folding or stackable **outdoor side tables** to maximize functionality in limited spaces.

# 4. Match Your Side Table to Your Style

Your side table should blend seamlessly with your existing decor. Here‚Äôs how:

* **Modern Homes:** A sleek metal or glass **stylish side table** with clean lines will enhance a modern interior.
* **Boho-Chic Spaces:** A **rattan side table** paired with textured throws and cushions creates a relaxed, bohemian vibe.
* **Outdoor Areas:** For patios or balconies, coordinate your **outdoor side table** with your existing **rattan furniture in Dubai** for a cohesive look.

# 5. Focus on Functionality

A side table should be as practical as it is beautiful. Consider these features:

* **Storage Options:** Side tables with drawers or shelves are great for keeping small items organized.
* **Lightweight Designs:** If you plan to move your side table around, choose a lightweight material like rattan or aluminum.
* **Weather Resistance:** For outdoor use, ensure your table is designed to withstand Dubai‚Äôs heat and occasional sandstorms.

# 6. Explore Stylish Options in Dubai

Dubai is a hub for stylish, high-quality furniture. From modern glass tables to artisanal **rattan side tables**, you‚Äôll find a variety of options that cater to every style and budget. Retailers specializing in **rattan furniture in Dubai** often offer beautiful, durable side tables that can elevate your indoor and outdoor spaces.

# 7. Outdoor Side Table Inspiration

Outdoor spaces deserve just as much attention as your interiors. A well-chosen **outdoor side table** can tie your patio or garden decor together:

* **Rattan Side Tables for Outdoor Use:** These tables are perfect for adding a natural, breezy vibe to your outdoor space. Pair them with matching **rattan furniture** for a unified look.
* **Folding Metal Tables:** Lightweight and easy to store, these are ideal for compact balconies.
* **Wooden Outdoor Tables:** Treated wood tables bring warmth and character to your garden or poolside area.

# Final Thoughts

A **stylish side table** is more than just a functional piece‚Äîit‚Äôs an opportunity to express your style and enhance the ambiance of your home. Whether you‚Äôre drawn to the timeless charm of **rattan side tables**, the sleek sophistication of glass and metal, or the durability of **outdoor side tables**, there‚Äôs a perfect match for every space.

Explore the diverse range of side tables available in Dubai, including those that complement **rattan furniture**, and transform your indoor and outdoor spaces into elegant, functional retreats. Let your side table do more than hold your coffee‚Äîit can be a statement piece that elevates your entire room.",1,1735373550.0,u_homeandsoul,0,1.0,False
